value,name,date
15,Cincinnati-I-75N,2016-02
14,Cincinnati-I-75S,2016-02
10,Columbus-OuterbeltS,2016-02
9,Cleveland-I-90E,2016-02
7,Columbus-NorthFwyS,2016-02
6,Akron-I-77N,2016-02
6,Cincinnati-I-275E,2016-02
6,Toledo-I-75N,2016-02
6,Dayton-I-75N,2016-02
6,Cincinnati-I-71N,2016-02
5,Columbus-NorthFwyN,2016-02
5,Columbus-OuterbeltW,2016-02
5,Akron-I-76W,2016-02
5,Covington-I-75S,2016-02
4,Cleveland-I-480E,2016-02
4,Cincinnati-I-71S,2016-02
4,Columbus-OuterbeltN,2016-02
4,Toledo-I-475N,2016-02
4,Cleveland-I-71S,2016-02
4,GroveCity-I-71S,2016-02
30,Cincinnati-I-75N,2016-03
26,Cincinnati-I-75S,2016-03
19,Cleveland-I-90E,2016-03
19,Columbus-OuterbeltS,2016-03
18,Cincinnati-I-71N,2016-03
15,Columbus-NorthFwyS,2016-03
14,Columbus-I-70E,2016-03
14,Dayton-I-75N,2016-03
13,Columbus-NorthFwyN,2016-03
13,Brooklyn-BrooklynQueensExpy,2016-03
12,Toledo-I-75N,2016-03
11,Covington-I-75S,2016-03
11,Akron-I-77N,2016-03
11,Cincinnati-I-71S,2016-03
10,Dayton-I-75S,2016-03
10,BowlingGreen-I-75S,2016-03
10,Louisville-HenryWattersonExpyW,2016-03
10,Cincinnati-I-275E,2016-03
10,LosAngeles-I-10W,2016-03
9,Louisville-DrMartinLutherKingJrExpyN,2016-03
44,Cincinnati-I-75N,2016-04
41,Brooklyn-BrooklynQueensExpy,2016-04
40,Cincinnati-I-75S,2016-04
36,LosAngeles-I-10W,2016-04
29,Cleveland-I-90E,2016-04
29,LosAngeles-I-10E,2016-04
27,Livermore-I-580E,2016-04
27,LosAngeles-I-5N,2016-04
27,Columbus-I-70E,2016-04
27,SanJose-US-101N,2016-04
26,Oakland-I-880N,2016-04
25,Dayton-I-75N,2016-04
24,Columbus-OuterbeltS,2016-04
23,Cincinnati-I-71N,2016-04
23,LosGatos-SantaCruzHwy,2016-04
22,Toledo-I-75N,2016-04
22,LosAngeles-GoldenStateFwyS,2016-04
21,Columbus-NorthFwyS,2016-04
21,Dayton-I-75S,2016-04
20,Bronx-CrossBronxExpyW,2016-04
76,LosAngeles-I-10W,2016-05
68,Brooklyn-BrooklynQueensExpy,2016-05
68,LosAngeles-I-5N,2016-05
60,LosAngeles-SanDiegoFwyS,2016-05
53,Cincinnati-I-75N,2016-05
51,Cincinnati-I-75S,2016-05
51,LosAngeles-I-10E,2016-05
45,LosAngeles-GoldenStateFwyS,2016-05
41,Livermore-I-580E,2016-05
41,Anaheim-RiversideFwyE,2016-05
39,SanJose-US-101N,2016-05
37,LosAngeles-I-110S,2016-05
37,Corona-CA-91W,2016-05
37,LosGatos-SantaCruzHwy,2016-05
36,Oakland-I-880N,2016-05
36,LosAngeles-I-405N,2016-05
35,Bronx-CrossBronxExpyW,2016-05
35,SanDiego-I-8E,2016-05
35,Cleveland-I-90E,2016-05
35,Sacramento-CA-99S,2016-05
104,Brooklyn-BrooklynQueensExpy,2016-06
100,LosAngeles-I-10W,2016-06
89,LosAngeles-I-5N,2016-06
85,LosAngeles-SanDiegoFwyS,2016-06
79,LosAngeles-I-10E,2016-06
68,Livermore-I-580E,2016-06
62,Cincinnati-I-75S,2016-06
59,LosAngeles-GoldenStateFwyS,2016-06
57,Cincinnati-I-75N,2016-06
54,SanJose-US-101N,2016-06
52,Anaheim-RiversideFwyE,2016-06
51,LosAngeles-I-110S,2016-06
49,Corona-CA-91W,2016-06
49,SanFrancisco-I-80W,2016-06
48,Bronx-CrossBronxExpyW,2016-06
48,Oakland-I-880N,2016-06
46,LosGatos-SantaCruzHwy,2016-06
46,Sacramento-CA-99S,2016-06
46,LongBeach-SanDiegoFwyS,2016-06
46,NewYork-FDRDrN,2016-06
121,LosAngeles-I-10W,2016-07
119,Brooklyn-BrooklynQueensExpy,2016-07
113,LosAngeles-I-5N,2016-07
99,LosAngeles-SanDiegoFwyS,2016-07
92,LosAngeles-I-10E,2016-07
86,Miami-I-95N,2016-07
79,Miami-I-95S,2016-07
72,Cincinnati-I-75S,2016-07
72,LosAngeles-GoldenStateFwyS,2016-07
72,Livermore-I-580E,2016-07
70,Houston-I-45N,2016-07
63,SanJose-US-101N,2016-07
63,LosAngeles-I-110S,2016-07
62,Cincinnati-I-75N,2016-07
61,Anaheim-RiversideFwyE,2016-07
60,Chicago-I-94W,2016-07
58,Sacramento-CA-99S,2016-07
55,WestCovina-I-10W,2016-07
55,LosGatos-SantaCruzHwy,2016-07
55,Dallas-I-635W,2016-07
147,Miami-I-95S,2016-08
146,Miami-I-95N,2016-08
143,LosAngeles-I-10W,2016-08
138,Houston-I-45N,2016-08
138,Brooklyn-BrooklynQueensExpy,2016-08
137,Chicago-I-94W,2016-08
125,LosAngeles-SanDiegoFwyS,2016-08
123,LosAngeles-I-5N,2016-08
109,LosAngeles-I-10E,2016-08
90,Dallas-I-635W,2016-08
89,Dallas-LBJFwyE,2016-08
85,Chicago-I-90E,2016-08
85,LosAngeles-GoldenStateFwyS,2016-08
81,Cincinnati-I-75S,2016-08
80,NewYork-FDRDrN,2016-08
79,Houston-I-45S,2016-08
79,Seattle-I-5S,2016-08
77,SanJose-US-101N,2016-08
76,Livermore-I-580E,2016-08
76,Livermore-I-580W,2016-08
196,Miami-I-95N,2016-09
192,Chicago-I-94W,2016-09
182,Houston-I-45N,2016-09
182,Miami-I-95S,2016-09
167,LosAngeles-I-10W,2016-09
159,Brooklyn-BrooklynQueensExpy,2016-09
150,LosAngeles-SanDiegoFwyS,2016-09
137,LosAngeles-I-5N,2016-09
136,LosAngeles-I-10E,2016-09
124,Chicago-I-90E,2016-09
119,Dallas-I-635W,2016-09
113,Dallas-LBJFwyE,2016-09
106,Houston-I-45S,2016-09
105,Phoenix-PearlHarborMemorialHighway,2016-09
104,Seattle-I-5S,2016-09
100,Seattle-I-5N,2016-09
95,LosAngeles-GoldenStateFwyS,2016-09
95,NewYork-FDRDrN,2016-09
91,SanJose-US-101N,2016-09
90,LosAngeles-US-101N,2016-09
258,Chicago-I-94W,2016-10
241,Houston-I-45N,2016-10
235,Miami-I-95N,2016-10
233,Miami-I-95S,2016-10
187,LosAngeles-I-10W,2016-10
176,LosAngeles-SanDiegoFwyS,2016-10
171,Brooklyn-BrooklynQueensExpy,2016-10
168,Dallas-I-635W,2016-10
167,LosAngeles-I-5N,2016-10
154,Chicago-I-90E,2016-10
151,Dallas-LBJFwyE,2016-10
150,LosAngeles-I-10E,2016-10
150,Phoenix-PearlHarborMemorialHighway,2016-10
148,Seattle-I-5S,2016-10
144,Seattle-I-5N,2016-10
137,Houston-I-45S,2016-10
119,LosAngeles-US-101N,2016-10
117,Houston-US-59N,2016-10
116,LosAngeles-GoldenStateFwyS,2016-10
116,Houston-US-90E,2016-10
339,Chicago-I-94W,2016-11
293,Houston-I-45N,2016-11
291,Miami-I-95N,2016-11
284,Miami-I-95S,2016-11
224,LosAngeles-SanDiegoFwyS,2016-11
222,Dallas-I-635W,2016-11
210,Dallas-LBJFwyE,2016-11
206,LosAngeles-I-5N,2016-11
205,LosAngeles-I-10W,2016-11
199,Chicago-I-90E,2016-11
197,Brooklyn-BrooklynQueensExpy,2016-11
184,Phoenix-PearlHarborMemorialHighway,2016-11
182,LosAngeles-I-10E,2016-11
179,Seattle-I-5S,2016-11
176,Seattle-I-5N,2016-11
167,Houston-I-45S,2016-11
145,Houston-US-90E,2016-11
140,Houston-US-59S,2016-11
138,Charlotte-WW.T.HarrisBlvd,2016-11
138,LosAngeles-GoldenStateFwyS,2016-11
397,Chicago-I-94W,2016-12
353,Houston-I-45N,2016-12
352,Miami-I-95N,2016-12
339,Miami-I-95S,2016-12
275,Dallas-I-635W,2016-12
255,LosAngeles-SanDiegoFwyS,2016-12
255,Chicago-I-90E,2016-12
252,Dallas-LBJFwyE,2016-12
232,LosAngeles-I-5N,2016-12
228,Seattle-I-5S,2016-12
227,LosAngeles-I-10W,2016-12
216,Phoenix-PearlHarborMemorialHighway,2016-12
216,Seattle-I-5N,2016-12
209,Brooklyn-BrooklynQueensExpy,2016-12
207,Houston-I-45S,2016-12
203,LosAngeles-I-10E,2016-12
168,Houston-US-90E,2016-12
168,Houston-US-59S,2016-12
162,Houston-US-59N,2016-12
155,LosAngeles-GoldenStateFwyS,2016-12
464,Chicago-I-94W,2017-01
409,Houston-I-45N,2017-01
397,Miami-I-95N,2017-01
381,Miami-I-95S,2017-01
320,Dallas-I-635W,2017-01
292,Chicago-I-90E,2017-01
290,Dallas-LBJFwyE,2017-01
278,LosAngeles-SanDiegoFwyS,2017-01
255,LosAngeles-I-5N,2017-01
254,LosAngeles-I-10W,2017-01
254,Seattle-I-5S,2017-01
248,Houston-I-45S,2017-01
244,Phoenix-PearlHarborMemorialHighway,2017-01
242,Seattle-I-5N,2017-01
229,LosAngeles-I-10E,2017-01
226,Brooklyn-BrooklynQueensExpy,2017-01
192,Houston-US-59N,2017-01
186,Houston-US-59S,2017-01
183,Houston-US-90E,2017-01
179,LosAngeles-US-101N,2017-01
527,Chicago-I-94W,2017-02
474,Houston-I-45N,2017-02
442,Miami-I-95N,2017-02
422,Miami-I-95S,2017-02
357,Dallas-I-635W,2017-02
333,Chicago-I-90E,2017-02
318,Dallas-LBJFwyE,2017-02
306,LosAngeles-SanDiegoFwyS,2017-02
299,Seattle-I-5S,2017-02
279,Houston-I-45S,2017-02
276,Seattle-I-5N,2017-02
275,LosAngeles-I-5N,2017-02
273,LosAngeles-I-10W,2017-02
263,Phoenix-PearlHarborMemorialHighway,2017-02
258,LosAngeles-I-10E,2017-02
240,Brooklyn-BrooklynQueensExpy,2017-02
211,Houston-US-59N,2017-02
210,Houston-US-90E,2017-02
203,Houston-US-59S,2017-02
202,LosGatos-SantaCruzHwy,2017-02
590,Chicago-I-94W,2017-03
523,Houston-I-45N,2017-03
510,Miami-I-95N,2017-03
499,Miami-I-95S,2017-03
388,Chicago-I-90E,2017-03
377,Dallas-I-635W,2017-03
349,Dallas-LBJFwyE,2017-03
336,LosAngeles-SanDiegoFwyS,2017-03
318,Seattle-I-5S,2017-03
314,Houston-I-45S,2017-03
303,Seattle-I-5N,2017-03
303,LosAngeles-I-5N,2017-03
302,LosAngeles-I-10W,2017-03
293,Phoenix-PearlHarborMemorialHighway,2017-03
289,LosAngeles-I-10E,2017-03
257,Brooklyn-BrooklynQueensExpy,2017-03
238,Houston-US-90E,2017-03
236,Houston-US-59N,2017-03
232,LosGatos-SantaCruzHwy,2017-03
220,Charlotte-STryonSt,2017-03
639,Chicago-I-94W,2017-04
567,Houston-I-45N,2017-04
553,Miami-I-95S,2017-04
544,Miami-I-95N,2017-04
429,Chicago-I-90E,2017-04
400,Dallas-I-635W,2017-04
370,Dallas-LBJFwyE,2017-04
357,LosAngeles-SanDiegoFwyS,2017-04
339,Houston-I-45S,2017-04
337,Seattle-I-5N,2017-04
336,Seattle-I-5S,2017-04
326,LosAngeles-I-5N,2017-04
325,LosAngeles-I-10W,2017-04
321,LosAngeles-I-10E,2017-04
317,Phoenix-PearlHarborMemorialHighway,2017-04
267,Brooklyn-BrooklynQueensExpy,2017-04
262,Houston-US-90E,2017-04
256,LosGatos-SantaCruzHwy,2017-04
254,Houston-US-59N,2017-04
237,Charlotte-STryonSt,2017-04
679,Chicago-I-94W,2017-05
610,Houston-I-45N,2017-05
606,Miami-I-95N,2017-05
600,Miami-I-95S,2017-05
457,Chicago-I-90E,2017-05
424,Dallas-I-635W,2017-05
395,Dallas-LBJFwyE,2017-05
389,LosAngeles-SanDiegoFwyS,2017-05
373,Houston-I-45S,2017-05
368,Seattle-I-5S,2017-05
363,Seattle-I-5N,2017-05
352,LosAngeles-I-10W,2017-05
349,Phoenix-PearlHarborMemorialHighway,2017-05
346,LosAngeles-I-10E,2017-05
342,LosAngeles-I-5N,2017-05
294,Brooklyn-BrooklynQueensExpy,2017-05
292,Houston-US-90E,2017-05
276,Houston-US-59N,2017-05
269,LosGatos-SantaCruzHwy,2017-05
259,Charlotte-STryonSt,2017-05
710,Chicago-I-94W,2017-06
667,Miami-I-95N,2017-06
646,Miami-I-95S,2017-06
645,Houston-I-45N,2017-06
478,Chicago-I-90E,2017-06
447,Dallas-I-635W,2017-06
417,Dallas-LBJFwyE,2017-06
412,LosAngeles-SanDiegoFwyS,2017-06
394,Seattle-I-5N,2017-06
394,Houston-I-45S,2017-06
384,Seattle-I-5S,2017-06
381,Phoenix-PearlHarborMemorialHighway,2017-06
374,LosAngeles-I-10W,2017-06
367,LosAngeles-I-5N,2017-06
361,LosAngeles-I-10E,2017-06
310,Houston-US-90E,2017-06
308,Brooklyn-BrooklynQueensExpy,2017-06
294,Houston-US-59N,2017-06
281,LosGatos-SantaCruzHwy,2017-06
272,Charlotte-STryonSt,2017-06
745,Chicago-I-94W,2017-07
710,Miami-I-95N,2017-07
700,Miami-I-95S,2017-07
678,Houston-I-45N,2017-07
510,Chicago-I-90E,2017-07
476,Dallas-I-635W,2017-07
450,Dallas-LBJFwyE,2017-07
435,LosAngeles-SanDiegoFwyS,2017-07
424,Seattle-I-5N,2017-07
423,Houston-I-45S,2017-07
411,Phoenix-PearlHarborMemorialHighway,2017-07
406,Seattle-I-5S,2017-07
385,LosAngeles-I-10W,2017-07
381,LosAngeles-I-10E,2017-07
377,LosAngeles-I-5N,2017-07
328,Brooklyn-BrooklynQueensExpy,2017-07
325,Houston-US-90E,2017-07
317,Houston-US-59N,2017-07
291,Orlando-I-4E,2017-07
291,Charlotte-STryonSt,2017-07
779,Chicago-I-94W,2017-08
775,Miami-I-95S,2017-08
769,Miami-I-95N,2017-08
707,Houston-I-45N,2017-08
550,Chicago-I-90E,2017-08
500,Dallas-I-635W,2017-08
477,Dallas-LBJFwyE,2017-08
450,Seattle-I-5N,2017-08
446,Phoenix-PearlHarborMemorialHighway,2017-08
446,LosAngeles-SanDiegoFwyS,2017-08
441,Houston-I-45S,2017-08
433,Seattle-I-5S,2017-08
406,LosAngeles-I-10E,2017-08
395,LosAngeles-I-5N,2017-08
394,LosAngeles-I-10W,2017-08
344,Houston-US-90E,2017-08
342,Brooklyn-BrooklynQueensExpy,2017-08
331,Houston-US-59N,2017-08
318,Orlando-I-4W,2017-08
315,Orlando-I-4E,2017-08
812,Miami-I-95S,2017-09
812,Chicago-I-94W,2017-09
806,Miami-I-95N,2017-09
738,Houston-I-45N,2017-09
580,Chicago-I-90E,2017-09
518,Dallas-I-635W,2017-09
499,Dallas-LBJFwyE,2017-09
478,Seattle-I-5N,2017-09
476,Phoenix-PearlHarborMemorialHighway,2017-09
463,LosAngeles-SanDiegoFwyS,2017-09
456,Seattle-I-5S,2017-09
455,Houston-I-45S,2017-09
423,LosAngeles-I-10E,2017-09
408,LosAngeles-I-5N,2017-09
401,LosAngeles-I-10W,2017-09
359,Houston-US-90E,2017-09
354,Brooklyn-BrooklynQueensExpy,2017-09
348,Houston-US-59N,2017-09
334,Orlando-I-4W,2017-09
334,Orlando-I-4E,2017-09
861,Miami-I-95S,2017-10
856,Chicago-I-94W,2017-10
849,Miami-I-95N,2017-10
790,Houston-I-45N,2017-10
617,Chicago-I-90E,2017-10
560,Dallas-I-635W,2017-10
530,Seattle-I-5N,2017-10
524,Dallas-LBJFwyE,2017-10
502,Phoenix-PearlHarborMemorialHighway,2017-10
493,Seattle-I-5S,2017-10
482,Houston-I-45S,2017-10
476,LosAngeles-SanDiegoFwyS,2017-10
450,LosAngeles-I-10E,2017-10
427,LosAngeles-I-5N,2017-10
418,LosAngeles-I-10W,2017-10
382,Houston-US-90E,2017-10
369,Brooklyn-BrooklynQueensExpy,2017-10
366,Houston-US-59N,2017-10
359,Orlando-I-4W,2017-10
353,Houston-US-59S,2017-10
922,Chicago-I-94W,2017-11
906,Miami-I-95N,2017-11
896,Miami-I-95S,2017-11
833,Houston-I-45N,2017-11
656,Chicago-I-90E,2017-11
589,Dallas-I-635W,2017-11
559,Seattle-I-5N,2017-11
549,Dallas-LBJFwyE,2017-11
521,Seattle-I-5S,2017-11
510,Phoenix-PearlHarborMemorialHighway,2017-11
503,Houston-I-45S,2017-11
498,LosAngeles-SanDiegoFwyS,2017-11
472,LosAngeles-I-10E,2017-11
451,LosAngeles-I-10W,2017-11
444,LosAngeles-I-5N,2017-11
403,Houston-US-90E,2017-11
384,Brooklyn-BrooklynQueensExpy,2017-11
382,Houston-US-59N,2017-11
373,Orlando-I-4W,2017-11
367,Orlando-I-4E,2017-11
960,Chicago-I-94W,2017-12
938,Miami-I-95N,2017-12
933,Miami-I-95S,2017-12
857,Houston-I-45N,2017-12
687,Chicago-I-90E,2017-12
612,Dallas-I-635W,2017-12
588,Seattle-I-5N,2017-12
573,Dallas-LBJFwyE,2017-12
543,Seattle-I-5S,2017-12
528,Phoenix-PearlHarborMemorialHighway,2017-12
524,Houston-I-45S,2017-12
517,LosAngeles-SanDiegoFwyS,2017-12
489,LosAngeles-I-10E,2017-12
468,LosAngeles-I-10W,2017-12
458,LosAngeles-I-5N,2017-12
424,Houston-US-90E,2017-12
412,Houston-US-59N,2017-12
395,Brooklyn-BrooklynQueensExpy,2017-12
393,Orlando-I-4W,2017-12
385,Houston-US-59S,2017-12
1021,Chicago-I-94W,2018-01
974,Miami-I-95N,2018-01
963,Miami-I-95S,2018-01
889,Houston-I-45N,2018-01
732,Chicago-I-90E,2018-01
642,Dallas-I-635W,2018-01
607,Dallas-LBJFwyE,2018-01
607,Seattle-I-5N,2018-01
573,Phoenix-PearlHarborMemorialHighway,2018-01
563,Seattle-I-5S,2018-01
555,Houston-I-45S,2018-01
535,LosAngeles-SanDiegoFwyS,2018-01
522,LosAngeles-I-10E,2018-01
483,LosAngeles-I-10W,2018-01
472,LosAngeles-I-5N,2018-01
446,Houston-US-90E,2018-01
433,Houston-US-59N,2018-01
411,Orlando-I-4W,2018-01
408,Houston-US-59S,2018-01
405,Brooklyn-BrooklynQueensExpy,2018-01
1055,Chicago-I-94W,2018-02
1007,Miami-I-95N,2018-02
1003,Miami-I-95S,2018-02
936,Houston-I-45N,2018-02
753,Chicago-I-90E,2018-02
671,Dallas-I-635W,2018-02
634,Dallas-LBJFwyE,2018-02
627,Seattle-I-5N,2018-02
602,Phoenix-PearlHarborMemorialHighway,2018-02
575,Seattle-I-5S,2018-02
570,Houston-I-45S,2018-02
559,LosAngeles-SanDiegoFwyS,2018-02
535,LosAngeles-I-10E,2018-02
508,LosAngeles-I-10W,2018-02
485,LosAngeles-I-5N,2018-02
468,Houston-US-90E,2018-02
449,Houston-US-59N,2018-02
431,Orlando-I-4W,2018-02
421,Houston-US-59S,2018-02
420,Orlando-I-4E,2018-02
1111,Chicago-I-94W,2018-03
1051,Miami-I-95S,2018-03
1049,Miami-I-95N,2018-03
978,Houston-I-45N,2018-03
781,Chicago-I-90E,2018-03
701,Dallas-I-635W,2018-03
666,Seattle-I-5N,2018-03
660,Dallas-LBJFwyE,2018-03
636,Phoenix-PearlHarborMemorialHighway,2018-03
606,Houston-I-45S,2018-03
596,Seattle-I-5S,2018-03
578,LosAngeles-SanDiegoFwyS,2018-03
548,LosAngeles-I-10E,2018-03
534,LosAngeles-I-10W,2018-03
501,LosAngeles-I-5N,2018-03
497,Houston-US-90E,2018-03
472,Houston-US-59N,2018-03
458,Orlando-I-4W,2018-03
444,Orlando-I-4E,2018-03
439,Houston-US-59S,2018-03
1149,Chicago-I-94W,2018-04
1079,Miami-I-95S,2018-04
1077,Miami-I-95N,2018-04
1014,Houston-I-45N,2018-04
810,Chicago-I-90E,2018-04
719,Dallas-I-635W,2018-04
688,Dallas-LBJFwyE,2018-04
687,Phoenix-PearlHarborMemorialHighway,2018-04
687,Seattle-I-5N,2018-04
625,Houston-I-45S,2018-04
615,Seattle-I-5S,2018-04
606,LosAngeles-SanDiegoFwyS,2018-04
564,LosAngeles-I-10E,2018-04
558,LosAngeles-I-10W,2018-04
520,LosAngeles-I-5N,2018-04
519,Houston-US-90E,2018-04
482,Houston-US-59N,2018-04
473,Orlando-I-4W,2018-04
465,Orlando-I-4E,2018-04
456,Houston-US-59S,2018-04
1188,Chicago-I-94W,2018-05
1118,Miami-I-95S,2018-05
1102,Miami-I-95N,2018-05
1041,Houston-I-45N,2018-05
841,Chicago-I-90E,2018-05
743,Dallas-I-635W,2018-05
723,Phoenix-PearlHarborMemorialHighway,2018-05
717,Seattle-I-5N,2018-05
708,Dallas-LBJFwyE,2018-05
647,Houston-I-45S,2018-05
644,Seattle-I-5S,2018-05
618,LosAngeles-SanDiegoFwyS,2018-05
576,LosAngeles-I-10E,2018-05
567,LosAngeles-I-10W,2018-05
546,LosAngeles-I-5N,2018-05
541,Houston-US-90E,2018-05
509,Houston-US-59N,2018-05
505,Orlando-I-4W,2018-05
492,Orlando-I-4E,2018-05
470,Houston-US-59S,2018-05
1223,Chicago-I-94W,2018-06
1144,Miami-I-95S,2018-06
1132,Miami-I-95N,2018-06
1082,Houston-I-45N,2018-06
874,Chicago-I-90E,2018-06
771,Dallas-I-635W,2018-06
768,Phoenix-PearlHarborMemorialHighway,2018-06
755,Seattle-I-5N,2018-06
731,Dallas-LBJFwyE,2018-06
676,Seattle-I-5S,2018-06
675,Houston-I-45S,2018-06
629,LosAngeles-SanDiegoFwyS,2018-06
601,LosAngeles-I-10W,2018-06
596,LosAngeles-I-10E,2018-06
564,Houston-US-90E,2018-06
557,LosAngeles-I-5N,2018-06
530,Houston-US-59N,2018-06
526,Orlando-I-4W,2018-06
512,Orlando-I-4E,2018-06
480,Houston-US-59S,2018-06
1264,Chicago-I-94W,2018-07
1173,Miami-I-95S,2018-07
1169,Miami-I-95N,2018-07
1094,Houston-I-45N,2018-07
897,Chicago-I-90E,2018-07
790,Phoenix-PearlHarborMemorialHighway,2018-07
785,Seattle-I-5N,2018-07
783,Dallas-I-635W,2018-07
749,Dallas-LBJFwyE,2018-07
708,Seattle-I-5S,2018-07
686,Houston-I-45S,2018-07
653,LosAngeles-SanDiegoFwyS,2018-07
640,LosAngeles-I-10W,2018-07
625,LosAngeles-I-10E,2018-07
585,LosAngeles-I-5N,2018-07
578,Houston-US-90E,2018-07
542,Orlando-I-4E,2018-07
540,Orlando-I-4W,2018-07
532,Houston-US-59N,2018-07
486,Houston-US-59S,2018-07
1305,Chicago-I-94W,2018-08
1223,Miami-I-95S,2018-08
1221,Miami-I-95N,2018-08
1099,Houston-I-45N,2018-08
921,Chicago-I-90E,2018-08
824,Phoenix-PearlHarborMemorialHighway,2018-08
817,Seattle-I-5N,2018-08
785,Dallas-I-635W,2018-08
751,Dallas-LBJFwyE,2018-08
742,Seattle-I-5S,2018-08
690,Houston-I-45S,2018-08
663,LosAngeles-SanDiegoFwyS,2018-08
663,LosAngeles-I-10W,2018-08
645,LosAngeles-I-10E,2018-08
599,LosAngeles-I-5N,2018-08
579,Houston-US-90E,2018-08
566,Orlando-I-4W,2018-08
564,Orlando-I-4E,2018-08
535,Houston-US-59N,2018-08
493,Atlanta-I-75S,2018-08
1342,Chicago-I-94W,2018-09
1253,Miami-I-95N,2018-09
1252,Miami-I-95S,2018-09
1135,Houston-I-45N,2018-09
948,Chicago-I-90E,2018-09
846,Phoenix-PearlHarborMemorialHighway,2018-09
841,Seattle-I-5N,2018-09
818,Dallas-I-635W,2018-09
767,Dallas-LBJFwyE,2018-09
763,Seattle-I-5S,2018-09
705,Houston-I-45S,2018-09
684,LosAngeles-I-10W,2018-09
671,LosAngeles-SanDiegoFwyS,2018-09
655,LosAngeles-I-10E,2018-09
614,LosAngeles-I-5N,2018-09
593,Houston-US-90E,2018-09
590,Orlando-I-4W,2018-09
578,Orlando-I-4E,2018-09
545,Houston-US-59N,2018-09
513,Atlanta-I-75S,2018-09
1389,Chicago-I-94W,2018-10
1289,Miami-I-95S,2018-10
1286,Miami-I-95N,2018-10
1169,Houston-I-45N,2018-10
983,Chicago-I-90E,2018-10
874,Phoenix-PearlHarborMemorialHighway,2018-10
864,Seattle-I-5N,2018-10
853,Dallas-I-635W,2018-10
797,Dallas-LBJFwyE,2018-10
791,Seattle-I-5S,2018-10
730,Houston-I-45S,2018-10
712,LosAngeles-I-10W,2018-10
692,LosAngeles-SanDiegoFwyS,2018-10
674,LosAngeles-I-10E,2018-10
638,LosAngeles-I-5N,2018-10
620,Orlando-I-4W,2018-10
614,Houston-US-90E,2018-10
597,Orlando-I-4E,2018-10
559,Houston-US-59N,2018-10
544,Atlanta-I-75S,2018-10
1430,Chicago-I-94W,2018-11
1332,Miami-I-95S,2018-11
1312,Miami-I-95N,2018-11
1197,Houston-I-45N,2018-11
1019,Chicago-I-90E,2018-11
899,Seattle-I-5N,2018-11
894,Phoenix-PearlHarborMemorialHighway,2018-11
878,Dallas-I-635W,2018-11
818,Dallas-LBJFwyE,2018-11
813,Seattle-I-5S,2018-11
754,Houston-I-45S,2018-11
730,LosAngeles-I-10W,2018-11
705,LosAngeles-SanDiegoFwyS,2018-11
683,LosAngeles-I-10E,2018-11
656,LosAngeles-I-5N,2018-11
636,Orlando-I-4W,2018-11
622,Houston-US-90E,2018-11
618,Orlando-I-4E,2018-11
578,Atlanta-I-75S,2018-11
563,Houston-US-59N,2018-11
1467,Chicago-I-94W,2018-12
1381,Miami-I-95S,2018-12
1348,Miami-I-95N,2018-12
1213,Houston-I-45N,2018-12
1036,Chicago-I-90E,2018-12
934,Seattle-I-5N,2018-12
909,Phoenix-PearlHarborMemorialHighway,2018-12
899,Dallas-I-635W,2018-12
840,Seattle-I-5S,2018-12
835,Dallas-LBJFwyE,2018-12
765,Houston-I-45S,2018-12
755,LosAngeles-I-10W,2018-12
725,LosAngeles-SanDiegoFwyS,2018-12
721,LosAngeles-I-10E,2018-12
682,LosAngeles-I-5N,2018-12
657,Orlando-I-4W,2018-12
631,Houston-US-90E,2018-12
629,Orlando-I-4E,2018-12
596,Atlanta-I-75S,2018-12
595,Atlanta-I-285E,2018-12
1511,Chicago-I-94W,2019-01
1411,Miami-I-95S,2019-01
1372,Miami-I-95N,2019-01
1235,Houston-I-45N,2019-01
1075,Chicago-I-90E,2019-01
957,Seattle-I-5N,2019-01
937,Phoenix-PearlHarborMemorialHighway,2019-01
927,Dallas-I-635W,2019-01
862,Seattle-I-5S,2019-01
861,Dallas-LBJFwyE,2019-01
786,Houston-I-45S,2019-01
775,LosAngeles-I-10W,2019-01
741,LosAngeles-I-10E,2019-01
740,LosAngeles-SanDiegoFwyS,2019-01
692,LosAngeles-I-5N,2019-01
683,Orlando-I-4W,2019-01
646,Houston-US-90E,2019-01
645,Orlando-I-4E,2019-01
643,Portland-I-5N,2019-01
622,Atlanta-I-285E,2019-01
1545,Chicago-I-94W,2019-02
1452,Miami-I-95S,2019-02
1414,Miami-I-95N,2019-02
1260,Houston-I-45N,2019-02
1099,Chicago-I-90E,2019-02
972,Seattle-I-5N,2019-02
950,Phoenix-PearlHarborMemorialHighway,2019-02
949,Dallas-I-635W,2019-02
882,Seattle-I-5S,2019-02
871,Dallas-LBJFwyE,2019-02
803,Houston-I-45S,2019-02
781,LosAngeles-I-10W,2019-02
754,LosAngeles-I-10E,2019-02
747,LosAngeles-SanDiegoFwyS,2019-02
725,Portland-I-5N,2019-02
699,Orlando-I-4W,2019-02
698,LosAngeles-I-5N,2019-02
656,Atlanta-I-75S,2019-02
652,Atlanta-I-285E,2019-02
652,Orlando-I-4E,2019-02
1582,Chicago-I-94W,2019-03
1495,Miami-I-95S,2019-03
1446,Miami-I-95N,2019-03
1293,Houston-I-45N,2019-03
1126,Chicago-I-90E,2019-03
998,Seattle-I-5N,2019-03
962,Phoenix-PearlHarborMemorialHighway,2019-03
960,Dallas-I-635W,2019-03
898,Seattle-I-5S,2019-03
878,Dallas-LBJFwyE,2019-03
827,Houston-I-45S,2019-03
802,LosAngeles-I-10W,2019-03
796,Portland-I-5N,2019-03
764,LosAngeles-I-10E,2019-03
752,LosAngeles-SanDiegoFwyS,2019-03
721,Orlando-I-4W,2019-03
714,LosAngeles-I-5N,2019-03
672,Atlanta-I-285E,2019-03
670,Atlanta-I-75S,2019-03
667,Houston-US-90E,2019-03
1637,Chicago-I-94W,2019-04
1527,Miami-I-95S,2019-04
1479,Miami-I-95N,2019-04
1328,Houston-I-45N,2019-04
1155,Chicago-I-90E,2019-04
1017,Seattle-I-5N,2019-04
978,Phoenix-PearlHarborMemorialHighway,2019-04
977,Dallas-I-635W,2019-04
926,Seattle-I-5S,2019-04
893,Dallas-LBJFwyE,2019-04
850,Houston-I-45S,2019-04
845,Portland-I-5N,2019-04
818,LosAngeles-I-10W,2019-04
784,LosAngeles-I-10E,2019-04
765,LosAngeles-SanDiegoFwyS,2019-04
740,Orlando-I-4W,2019-04
728,LosAngeles-I-5N,2019-04
692,Atlanta-I-285E,2019-04
680,Atlanta-I-75S,2019-04
678,Houston-US-90E,2019-04
1682,Chicago-I-94W,2019-05
1577,Miami-I-95S,2019-05
1518,Miami-I-95N,2019-05
1360,Houston-I-45N,2019-05
1195,Chicago-I-90E,2019-05
1035,Seattle-I-5N,2019-05
1000,Phoenix-PearlHarborMemorialHighway,2019-05
993,Dallas-I-635W,2019-05
937,Seattle-I-5S,2019-05
902,Dallas-LBJFwyE,2019-05
893,Portland-I-5N,2019-05
870,Houston-I-45S,2019-05
842,LosAngeles-I-10W,2019-05
803,LosAngeles-I-10E,2019-05
783,LosAngeles-SanDiegoFwyS,2019-05
762,Orlando-I-4W,2019-05
749,LosAngeles-I-5N,2019-05
718,Atlanta-I-285E,2019-05
701,Atlanta-I-75S,2019-05
690,Houston-US-90E,2019-05
1719,Chicago-I-94W,2019-06
1611,Miami-I-95S,2019-06
1547,Miami-I-95N,2019-06
1384,Houston-I-45N,2019-06
1223,Chicago-I-90E,2019-06
1061,Seattle-I-5N,2019-06
1018,Phoenix-PearlHarborMemorialHighway,2019-06
1009,Dallas-I-635W,2019-06
951,Seattle-I-5S,2019-06
929,Portland-I-5N,2019-06
911,Dallas-LBJFwyE,2019-06
886,Houston-I-45S,2019-06
852,LosAngeles-I-10W,2019-06
811,LosAngeles-I-10E,2019-06
789,LosAngeles-SanDiegoFwyS,2019-06
782,Orlando-I-4W,2019-06
756,LosAngeles-I-5N,2019-06
746,Atlanta-I-285E,2019-06
719,Atlanta-I-75S,2019-06
702,Orlando-I-4E,2019-06
1749,Chicago-I-94W,2019-07
1637,Miami-I-95S,2019-07
1575,Miami-I-95N,2019-07
1404,Houston-I-45N,2019-07
1239,Chicago-I-90E,2019-07
1100,Seattle-I-5N,2019-07
1030,Phoenix-PearlHarborMemorialHighway,2019-07
1026,Dallas-I-635W,2019-07
994,Portland-I-5N,2019-07
977,Seattle-I-5S,2019-07
921,Dallas-LBJFwyE,2019-07
898,Houston-I-45S,2019-07
861,LosAngeles-I-10W,2019-07
825,LosAngeles-I-10E,2019-07
796,Orlando-I-4W,2019-07
794,LosAngeles-SanDiegoFwyS,2019-07
784,Atlanta-I-285E,2019-07
765,LosAngeles-I-5N,2019-07
733,Atlanta-I-75S,2019-07
714,Houston-US-90E,2019-07
1771,Chicago-I-94W,2019-08
1675,Miami-I-95S,2019-08
1613,Miami-I-95N,2019-08
1430,Houston-I-45N,2019-08
1262,Chicago-I-90E,2019-08
1132,Seattle-I-5N,2019-08
1072,Portland-I-5N,2019-08
1049,Dallas-I-635W,2019-08
1043,Phoenix-PearlHarborMemorialHighway,2019-08
1001,Seattle-I-5S,2019-08
928,Dallas-LBJFwyE,2019-08
911,Houston-I-45S,2019-08
882,LosAngeles-I-10W,2019-08
856,LosAngeles-I-10E,2019-08
809,Orlando-I-4W,2019-08
800,LosAngeles-SanDiegoFwyS,2019-08
800,Atlanta-I-285E,2019-08
782,LosAngeles-I-5N,2019-08
744,Atlanta-I-75S,2019-08
732,Orlando-I-4E,2019-08
1792,Chicago-I-94W,2019-09
1703,Miami-I-95S,2019-09
1632,Miami-I-95N,2019-09
1448,Houston-I-45N,2019-09
1273,Chicago-I-90E,2019-09
1154,Seattle-I-5N,2019-09
1142,Portland-I-5N,2019-09
1064,Dallas-I-635W,2019-09
1064,Phoenix-PearlHarborMemorialHighway,2019-09
1017,Seattle-I-5S,2019-09
960,LosAngeles-I-10W,2019-09
950,LosAngeles-I-10E,2019-09
933,Dallas-LBJFwyE,2019-09
925,Houston-I-45S,2019-09
819,Orlando-I-4W,2019-09
813,LosAngeles-I-5N,2019-09
809,Atlanta-I-285E,2019-09
805,LosAngeles-SanDiegoFwyS,2019-09
748,Atlanta-I-75S,2019-09
740,Orlando-I-4E,2019-09
1823,Chicago-I-94W,2019-10
1731,Miami-I-95S,2019-10
1659,Miami-I-95N,2019-10
1476,Houston-I-45N,2019-10
1290,Chicago-I-90E,2019-10
1223,Portland-I-5N,2019-10
1173,Seattle-I-5N,2019-10
1080,Phoenix-PearlHarborMemorialHighway,2019-10
1071,Dallas-I-635W,2019-10
1060,LosAngeles-I-10W,2019-10
1056,LosAngeles-I-10E,2019-10
1034,Seattle-I-5S,2019-10
936,Houston-I-45S,2019-10
936,Dallas-LBJFwyE,2019-10
842,LosAngeles-I-5N,2019-10
827,Orlando-I-4W,2019-10
823,Atlanta-I-285E,2019-10
809,LosAngeles-SanDiegoFwyS,2019-10
764,Atlanta-I-75S,2019-10
754,LosAngeles-GoldenStateFwyS,2019-10
1836,Chicago-I-94W,2019-11
1745,Miami-I-95S,2019-11
1660,Miami-I-95N,2019-11
1487,Houston-I-45N,2019-11
1303,Chicago-I-90E,2019-11
1301,Portland-I-5N,2019-11
1196,Seattle-I-5N,2019-11
1108,LosAngeles-I-10W,2019-11
1104,LosAngeles-I-10E,2019-11
1091,Phoenix-PearlHarborMemorialHighway,2019-11
1075,Dallas-I-635W,2019-11
1043,Seattle-I-5S,2019-11
942,Houston-I-45S,2019-11
939,Dallas-LBJFwyE,2019-11
849,LosAngeles-I-5N,2019-11
834,Orlando-I-4W,2019-11
829,Atlanta-I-285E,2019-11
810,LosAngeles-SanDiegoFwyS,2019-11
786,LosAngeles-GoldenStateFwyS,2019-11
773,SaltLakeCity-I-15S,2019-11
1872,Chicago-I-94W,2019-12
1767,Miami-I-95S,2019-12
1685,Miami-I-95N,2019-12
1503,Houston-I-45N,2019-12
1378,Portland-I-5N,2019-12
1339,Chicago-I-90E,2019-12
1215,Seattle-I-5N,2019-12
1187,LosAngeles-I-10E,2019-12
1175,LosAngeles-I-10W,2019-12
1102,Phoenix-PearlHarborMemorialHighway,2019-12
1082,Dallas-I-635W,2019-12
1052,Seattle-I-5S,2019-12
960,Houston-I-45S,2019-12
942,Dallas-LBJFwyE,2019-12
881,LosAngeles-I-5N,2019-12
865,LosAngeles-GoldenStateFwyS,2019-12
839,Atlanta-I-285E,2019-12
838,Orlando-I-4W,2019-12
836,SaltLakeCity-I-15S,2019-12
819,LosAngeles-SanDiegoFwyS,2019-12
1903,Chicago-I-94W,2020-01
1791,Miami-I-95S,2020-01
1726,Miami-I-95N,2020-01
1519,Houston-I-45N,2020-01
1447,Portland-I-5N,2020-01
1385,Chicago-I-90E,2020-01
1293,LosAngeles-I-10E,2020-01
1247,LosAngeles-I-10W,2020-01
1237,Seattle-I-5N,2020-01
1114,Phoenix-PearlHarborMemorialHighway,2020-01
1093,Dallas-I-635W,2020-01
1073,Seattle-I-5S,2020-01
968,Houston-I-45S,2020-01
948,Dallas-LBJFwyE,2020-01
943,LosAngeles-GoldenStateFwyS,2020-01
909,LosAngeles-I-5N,2020-01
877,SaltLakeCity-I-15S,2020-01
859,Atlanta-I-285E,2020-01
843,Orlando-I-4W,2020-01
827,LosAngeles-SanDiegoFwyS,2020-01
1927,Chicago-I-94W,2020-02
1815,Miami-I-95S,2020-02
1751,Miami-I-95N,2020-02
1528,Houston-I-45N,2020-02
1520,Portland-I-5N,2020-02
1403,Chicago-I-90E,2020-02
1377,LosAngeles-I-10E,2020-02
1333,LosAngeles-I-10W,2020-02
1257,Seattle-I-5N,2020-02
1124,Phoenix-PearlHarborMemorialHighway,2020-02
1101,Dallas-I-635W,2020-02
1088,Seattle-I-5S,2020-02
1016,LosAngeles-GoldenStateFwyS,2020-02
972,Houston-I-45S,2020-02
951,Dallas-LBJFwyE,2020-02
932,LosAngeles-I-5N,2020-02
925,SaltLakeCity-I-15S,2020-02
887,LosAngeles-I-405N,2020-02
868,Atlanta-I-285E,2020-02
852,Orlando-I-4W,2020-02
1962,Chicago-I-94W,2020-03
1855,Miami-I-95S,2020-03
1788,Miami-I-95N,2020-03
1577,Portland-I-5N,2020-03
1559,Houston-I-45N,2020-03
1459,LosAngeles-I-10E,2020-03
1419,Chicago-I-90E,2020-03
1404,LosAngeles-I-10W,2020-03
1291,Seattle-I-5N,2020-03
1130,Phoenix-PearlHarborMemorialHighway,2020-03
1129,Dallas-I-635W,2020-03
1109,LosAngeles-GoldenStateFwyS,2020-03
1105,Seattle-I-5S,2020-03
974,Houston-I-45S,2020-03
963,LosAngeles-I-5N,2020-03
958,Dallas-LBJFwyE,2020-03
950,SaltLakeCity-I-15S,2020-03
925,LosAngeles-I-405N,2020-03
908,Ontario-I-10E,2020-03
891,Anaheim-CA-91W,2020-03
2041,Chicago-I-94W,2020-04
1872,Miami-I-95S,2020-04
1818,Miami-I-95N,2020-04
1635,Portland-I-5N,2020-04
1588,Houston-I-45N,2020-04
1517,LosAngeles-I-10E,2020-04
1485,LosAngeles-I-10W,2020-04
1463,Chicago-I-90E,2020-04
1316,Seattle-I-5N,2020-04
1156,Dallas-I-635W,2020-04
1150,LosAngeles-GoldenStateFwyS,2020-04
1142,Phoenix-PearlHarborMemorialHighway,2020-04
1132,Seattle-I-5S,2020-04
979,Houston-I-45S,2020-04
978,LosAngeles-I-5N,2020-04
967,SaltLakeCity-I-15S,2020-04
965,Dallas-LBJFwyE,2020-04
955,Ontario-I-10E,2020-04
952,SanDiego-I-5N,2020-04
950,Anaheim-CA-91W,2020-04
2121,Chicago-I-94W,2020-05
1915,Miami-I-95S,2020-05
1868,Miami-I-95N,2020-05
1704,Portland-I-5N,2020-05
1617,Houston-I-45N,2020-05
1589,LosAngeles-I-10E,2020-05
1568,LosAngeles-I-10W,2020-05
1523,Chicago-I-90E,2020-05
1391,Seattle-I-5N,2020-05
1184,Seattle-I-5S,2020-05
1182,Dallas-I-635W,2020-05
1179,LosAngeles-GoldenStateFwyS,2020-05
1145,Phoenix-PearlHarborMemorialHighway,2020-05
1024,Ontario-I-10E,2020-05
1010,LosGatos-SantaCruzHwy,2020-05
1003,LosAngeles-I-5N,2020-05
999,Anaheim-CA-91W,2020-05
994,Corona-CA-91W,2020-05
988,SaltLakeCity-I-15S,2020-05
987,Houston-I-45S,2020-05
2213,Chicago-I-94W,2020-06
1935,Miami-I-95S,2020-06
1919,Miami-I-95N,2020-06
1771,Portland-I-5N,2020-06
1681,LosAngeles-I-10E,2020-06
1653,Houston-I-45N,2020-06
1641,LosAngeles-I-10W,2020-06
1576,Chicago-I-90E,2020-06
1481,Seattle-I-5N,2020-06
1259,Seattle-I-5S,2020-06
1232,LosAngeles-GoldenStateFwyS,2020-06
1228,Dallas-I-635W,2020-06
1154,Phoenix-PearlHarborMemorialHighway,2020-06
1117,Ontario-I-10E,2020-06
1065,Anaheim-CA-91W,2020-06
1049,Corona-CA-91W,2020-06
1046,LosGatos-SantaCruzHwy,2020-06
1041,SanDiego-I-5N,2020-06
1035,LosAngeles-I-5N,2020-06
1032,SaltLakeCity-I-15S,2020-06
2213,Chicago-I-94W,2020-07
1935,Miami-I-95S,2020-07
1919,Miami-I-95N,2020-07
1771,Portland-I-5N,2020-07
1681,LosAngeles-I-10E,2020-07
1653,Houston-I-45N,2020-07
1642,LosAngeles-I-10W,2020-07
1576,Chicago-I-90E,2020-07
1481,Seattle-I-5N,2020-07
1259,Seattle-I-5S,2020-07
1232,LosAngeles-GoldenStateFwyS,2020-07
1228,Dallas-I-635W,2020-07
1154,Phoenix-PearlHarborMemorialHighway,2020-07
1117,Ontario-I-10E,2020-07
1065,Anaheim-CA-91W,2020-07
1049,Corona-CA-91W,2020-07
1046,LosGatos-SantaCruzHwy,2020-07
1041,SanDiego-I-5N,2020-07
1035,LosAngeles-I-5N,2020-07
1032,SaltLakeCity-I-15S,2020-07
2213,Chicago-I-94W,2020-08
1935,Miami-I-95S,2020-08
1920,Miami-I-95N,2020-08
1771,Portland-I-5N,2020-08
1681,LosAngeles-I-10E,2020-08
1653,Houston-I-45N,2020-08
1642,LosAngeles-I-10W,2020-08
1576,Chicago-I-90E,2020-08
1481,Seattle-I-5N,2020-08
1259,Seattle-I-5S,2020-08
1232,LosAngeles-GoldenStateFwyS,2020-08
1228,Dallas-I-635W,2020-08
1154,Phoenix-PearlHarborMemorialHighway,2020-08
1118,Ontario-I-10E,2020-08
1066,Anaheim-CA-91W,2020-08
1049,Corona-CA-91W,2020-08
1046,LosGatos-SantaCruzHwy,2020-08
1041,SanDiego-I-5N,2020-08
1036,LosAngeles-I-5N,2020-08
1032,SaltLakeCity-I-15S,2020-08
2213,Chicago-I-94W,2020-09
2153,Miami-I-95N,2020-09
2148,Miami-I-95S,2020-09
1800,Portland-I-5N,2020-09
1726,LosAngeles-I-10E,2020-09
1700,LosAngeles-I-10W,2020-09
1697,Houston-I-45N,2020-09
1576,Chicago-I-90E,2020-09
1498,Seattle-I-5N,2020-09
1292,Dallas-I-635W,2020-09
1280,Seattle-I-5S,2020-09
1257,LosAngeles-GoldenStateFwyS,2020-09
1196,Ontario-I-10E,2020-09
1154,Phoenix-PearlHarborMemorialHighway,2020-09
1107,Anaheim-CA-91W,2020-09
1086,LosAngeles-I-5N,2020-09
1062,SanDiego-I-5N,2020-09
1061,Corona-CA-91W,2020-09
1053,LosGatos-SantaCruzHwy,2020-09
1039,SaltLakeCity-I-15S,2020-09
2572,Miami-I-95N,2020-10
2533,Miami-I-95S,2020-10
2213,Chicago-I-94W,2020-10
1923,Portland-I-5N,2020-10
1827,LosAngeles-I-10E,2020-10
1787,Houston-I-45N,2020-10
1773,LosAngeles-I-10W,2020-10
1578,Chicago-I-90E,2020-10
1523,Seattle-I-5N,2020-10
1392,Dallas-I-635W,2020-10
1314,LosAngeles-GoldenStateFwyS,2020-10
1306,Seattle-I-5S,2020-10
1291,Ontario-I-10E,2020-10
1164,Anaheim-CA-91W,2020-10
1154,Phoenix-PearlHarborMemorialHighway,2020-10
1140,LosAngeles-I-5N,2020-10
1117,LosAngeles-HarborFwyN,2020-10
1113,SanDiego-I-5N,2020-10
1094,Anaheim-CA-91E,2020-10
1084,Corona-CA-91W,2020-10
2932,Miami-I-95N,2020-11
2808,Miami-I-95S,2020-11
2213,Chicago-I-94W,2020-11
2020,Portland-I-5N,2020-11
1996,LosAngeles-I-10W,2020-11
1973,LosAngeles-I-10E,2020-11
1921,Houston-I-45N,2020-11
1578,Chicago-I-90E,2020-11
1569,Dallas-I-635W,2020-11
1540,Seattle-I-5N,2020-11
1445,Ontario-I-10E,2020-11
1442,LosAngeles-GoldenStateFwyS,2020-11
1357,Seattle-I-5S,2020-11
1310,Anaheim-CA-91W,2020-11
1279,LosAngeles-I-5N,2020-11
1261,LosAngeles-HarborFwyN,2020-11
1226,Anaheim-CA-91E,2020-11
1198,SanDiego-I-5N,2020-11
1183,Brooklyn-BrooklynQueensExpy,2020-11
1159,FortLauderdale-I-95S,2020-11
3267,Miami-I-95N,2020-12
3210,Miami-I-95S,2020-12
2213,Chicago-I-94W,2020-12
2199,LosAngeles-I-10E,2020-12
2183,LosAngeles-I-10W,2020-12
2170,Portland-I-5N,2020-12
2066,Houston-I-45N,2020-12
1708,Dallas-I-635W,2020-12
1691,Ontario-I-10E,2020-12
1579,Seattle-I-5N,2020-12
1578,Chicago-I-90E,2020-12
1570,LosAngeles-GoldenStateFwyS,2020-12
1471,Anaheim-CA-91W,2020-12
1465,Anaheim-CA-91E,2020-12
1435,LosAngeles-HarborFwyN,2020-12
1405,LosAngeles-I-5N,2020-12
1392,Seattle-I-5S,2020-12
1360,Brooklyn-BrooklynQueensExpy,2020-12
1353,Riverside-CA-91W,2020-12
1337,SanDiego-I-5N,2020-12
